{"cameraMode":{"drawMode":0,"name":"Shaded","section":"Shading Mode"},"sceneLighting":false,"audioPlay":false,"sceneViewState":{"m_AlwaysRefresh":false,"showFog":true,"showSkybox":false,"showFlares":true,"showImageEffects":true,"showParticleSystems":true,"showVisualEffectGraphs":true,"m_FxEnabled":true},"in2DMode":false,"pivot":{"x":-11.791595458984375,"y":0.9736636877059937,"z":-3.0133004188537599},"rotation":{"x":0.02975798211991787,"y":-0.9049738049507141,"z":0.06418731808662415,"w":0.41954606771469118},"size":4.985052108764648,"orthographic":false}